-- phpMyAdmin SQL Dump
-- version 3.4.11.1deb2+deb7u6
-- http://www.phpmyadmin.net
--
-- Хост: localhost
-- Время создания: Ноя 11 2016 г., 14:46
-- Версия сервера: 5.5.52
-- Версия PHP: 5.4.45-0+deb7u5

SET SQL_MODE="NO_AUTO_VALUE_ON_ZERO";
SET time_zone = "+00:00";


/*!40101 SET @OLD_CHARACTER_SET_CLIENT=@@CHARACTER_SET_CLIENT */;
/*!40101 SET @OLD_CHARACTER_SET_RESULTS=@@CHARACTER_SET_RESULTS */;
/*!40101 SET @OLD_COLLATION_CONNECTION=@@COLLATION_CONNECTION */;
/*!40101 SET NAMES utf8 */;

--
-- База данных: `borisov_b-test`
--

-- --------------------------------------------------------

--
-- Структура таблицы `account_statuses`
--

CREATE TABLE IF NOT EXISTS `account_statuses` (
  `id` int(11) NOT NULL AUTO_INCREMENT,
  `name` varchar(255) DEFAULT NULL COMMENT 'Название',
  `created_at` datetime DEFAULT NULL COMMENT 'Время создания записи',
  `updated_at` datetime DEFAULT NULL COMMENT 'Время редактирование записи',
  PRIMARY KEY (`id`)
) ENGINE=InnoDB  DEFAULT CHARSET=utf8 AUTO_INCREMENT=3 ;

--
-- Дамп данных таблицы `account_statuses`
--

INSERT INTO `account_statuses` (`id`, `name`, `created_at`, `updated_at`) VALUES
(1, 'active', '2016-11-05 16:11:57', NULL),
(2, 'block', '2016-11-05 16:11:57', NULL);

--
-- Триггеры `account_statuses`
--
DROP TRIGGER IF EXISTS `task_account_statuses_created_at`;
DELIMITER //
CREATE TRIGGER `task_account_statuses_created_at` BEFORE INSERT ON `account_statuses`
 FOR EACH ROW BEGIN
                    SET NEW.created_at = NOW();
                END
//
DELIMITER ;
DROP TRIGGER IF EXISTS `task_account_statuses_updated_at`;
DELIMITER //
CREATE TRIGGER `task_account_statuses_updated_at` BEFORE UPDATE ON `account_statuses`
 FOR EACH ROW BEGIN
                    SET NEW.updated_at = NOW();
                END
//
DELIMITER ;

-- --------------------------------------------------------

--
-- Структура таблицы `email_templates`
--

CREATE TABLE IF NOT EXISTS `email_templates` (
  `id` int(11) NOT NULL AUTO_INCREMENT,
  `event` varchar(255) DEFAULT NULL COMMENT 'Имя события',
  `templates` text COMMENT 'Шаблон письма',
  `created_at` datetime DEFAULT NULL COMMENT 'Время создания записи',
  `updated_at` datetime DEFAULT NULL COMMENT 'Время редактирование записи',
  PRIMARY KEY (`id`)
) ENGINE=InnoDB  DEFAULT CHARSET=utf8 AUTO_INCREMENT=5 ;

--
-- Дамп данных таблицы `email_templates`
--

INSERT INTO `email_templates` (`id`, `event`, `templates`, `created_at`, `updated_at`) VALUES
(1, 'after_user_registration', 'Привет!\r\n\r\nВаш Логин: %%login%%\r\n\r\nЧтобы активировать свой аккаунт  на сайте <a href="http://borisov.campushost.net">borisov.campushost.net</a>, пройдите по ссылке:  <a href="http://borisov.campushost.net/activation?hash=%%hash%%">активировать</a>.\r\n\r\nСпасибо!\r\n', '2016-11-08 12:24:33', '2016-11-09 15:52:11'),
(2, 'after_user_restore_password', 'Привет!\r\n\r\nВаш логин:  %%login%%\r\n\r\nВы подали запрос на восстановление пароля на сайте <a href="http://borisov.campushost.net">borisov.campushost.net</a>, пожалуйста, перейдите по ссылке <a href="http://borisov.campushost.net/new-password?hash=%%hash%%">указать новый пароль</a>.\r\n\r\nСпасибо!', '2016-11-08 17:32:24', '2016-11-09 15:51:55'),
(3, 'after_user_set_new_password', 'Привет!\r\n\r\nВаш логин:  %%login%%\r\n\r\nВы создали новый пароль на  сайте <a href="http://borisov.campushost.net">borisov.campushost.net</a>.\r\n\r\nСпасибо!', '2016-11-08 17:39:30', '2016-11-09 15:52:39'),
(4, 'after_add_news', 'Привет!\r\n\r\nУ нас есть для вас новость.\r\nУвидеть ее вы сможете, пройдя по этой ссылке:  <a href="http://borisov.campushost.net/news/view/%%url%%">%%name%%</a>.\r\n\r\nСпасибо!', '2016-11-08 18:05:26', '2016-11-10 16:13:15');

--
-- Триггеры `email_templates`
--
DROP TRIGGER IF EXISTS `task_email_templates_created_at`;
DELIMITER //
CREATE TRIGGER `task_email_templates_created_at` BEFORE INSERT ON `email_templates`
 FOR EACH ROW BEGIN
                    SET NEW.created_at = NOW();
                END
//
DELIMITER ;
DROP TRIGGER IF EXISTS `task_email_templates_updated_at`;
DELIMITER //
CREATE TRIGGER `task_email_templates_updated_at` BEFORE UPDATE ON `email_templates`
 FOR EACH ROW BEGIN
                    SET NEW.updated_at = NOW();
                END
//
DELIMITER ;

-- --------------------------------------------------------

--
-- Структура таблицы `migration`
--

CREATE TABLE IF NOT EXISTS `migration` (
  `version` varchar(180) NOT NULL,
  `apply_time` int(11) DEFAULT NULL,
  PRIMARY KEY (`version`)
) ENGINE=InnoDB DEFAULT CHARSET=utf8;

--
-- Дамп данных таблицы `migration`
--

INSERT INTO `migration` (`version`, `apply_time`) VALUES
('m000000_000000_base', 1478355017),
('m161103_105814_addTablesUsers', 1478355117),
('m161104_095513_addTableNews', 1478355118),
('m161104_143922_addTableNewsSettings', 1478355118),
('m161105_120610_addTableUsersProfiles', 1478355118);

-- --------------------------------------------------------

--
-- Структура таблицы `news`
--

CREATE TABLE IF NOT EXISTS `news` (
  `id` int(11) NOT NULL AUTO_INCREMENT,
  `name` varchar(255) DEFAULT NULL COMMENT 'Название',
  `url` varchar(255) DEFAULT NULL COMMENT 'Ссылка',
  `preview` text COMMENT 'Привью',
  `content` text COMMENT 'Контент',
  `created_at` datetime DEFAULT NULL COMMENT 'Время создания записи',
  `updated_at` datetime DEFAULT NULL COMMENT 'Время редактирование записи',
  PRIMARY KEY (`id`)
) ENGINE=InnoDB  DEFAULT CHARSET=utf8 AUTO_INCREMENT=101 ;

--
-- Дамп данных таблицы `news`
--

INSERT INTO `news` (`id`, `name`, `url`, `preview`, `content`, `created_at`, `updated_at`) VALUES
(1, 'Название новости 1', 'nazvanie-novosti-1-1', 'Превью новости 1 превью новости 1превью новости 1превью новости 1', 'Основной контент новости 1 основной контент новости1 основной контент новости1 основной контент новости1 основной контент новости1 основной контент новости1 основной контент новости1 основной контент новости1 основной контент новости1 основной контент новости1 основной контент новости1 основной контент новости1 основной контент новости1 основной контент новости', '2016-11-10 15:52:20', '2016-11-10 15:52:23'),
(2, 'Название новости 2', 'nazvanie-novosti-2-2', 'Превью новости 2 превью новости 2превью новости 2превью новости 2', 'Основной контент новости 2 основной контент новости2 основной контент новости2 основной контент новости2 основной контент новости2 основной контент новости2 основной контент новости2 основной контент новости2 основной контент новости2 основной контент новости2 основной контент новости2 основной контент новости2 основной контент новости2 основной контент новости', '2016-11-10 15:52:23', '2016-11-10 15:52:25'),
(3, 'Название новости 3', 'nazvanie-novosti-3-3', 'Превью новости 3 превью новости 3превью новости 3превью новости 3', 'Основной контент новости 3 основной контент новости3 основной контент новости3 основной контент новости3 основной контент новости3 основной контент новости3 основной контент новости3 основной контент новости3 основной контент новости3 основной контент новости3 основной контент новости3 основной контент новости3 основной контент новости3 основной контент новости', '2016-11-10 15:52:25', '2016-11-10 15:52:28'),
(4, 'Название новости 4', 'nazvanie-novosti-4-4', 'Превью новости 4 превью новости 4превью новости 4превью новости 4', 'Основной контент новости 4 основной контент новости4 основной контент новости4 основной контент новости4 основной контент новости4 основной контент новости4 основной контент новости4 основной контент новости4 основной контент новости4 основной контент новости4 основной контент новости4 основной контент новости4 основной контент новости4 основной контент новости', '2016-11-10 15:52:28', '2016-11-10 15:52:31'),
(5, 'Название новости 5', 'nazvanie-novosti-5-5', 'Превью новости 5 превью новости 5превью новости 5превью новости 5', 'Основной контент новости 5 основной контент новости5 основной контент новости5 основной контент новости5 основной контент новости5 основной контент новости5 основной контент новости5 основной контент новости5 основной контент новости5 основной контент новости5 основной контент новости5 основной контент новости5 основной контент новости5 основной контент новости', '2016-11-10 15:52:31', '2016-11-10 15:52:33'),
(6, 'Название новости 6', 'nazvanie-novosti-6-6', 'Превью новости 6 превью новости 6превью новости 6превью новости 6', 'Основной контент новости 6 основной контент новости6 основной контент новости6 основной контент новости6 основной контент новости6 основной контент новости6 основной контент новости6 основной контент новости6 основной контент новости6 основной контент новости6 основной контент новости6 основной контент новости6 основной контент новости6 основной контент новости', '2016-11-10 15:52:33', '2016-11-10 15:52:36'),
(7, 'Название новости 7', 'nazvanie-novosti-7-7', 'Превью новости 7 превью новости 7превью новости 7превью новости 7', 'Основной контент новости 7 основной контент новости7 основной контент новости7 основной контент новости7 основной контент новости7 основной контент новости7 основной контент новости7 основной контент новости7 основной контент новости7 основной контент новости7 основной контент новости7 основной контент новости7 основной контент новости7 основной контент новости', '2016-11-10 15:52:36', '2016-11-10 15:52:39'),
(8, 'Название новости 8', 'nazvanie-novosti-8-8', 'Превью новости 8 превью новости 8превью новости 8превью новости 8', 'Основной контент новости 8 основной контент новости8 основной контент новости8 основной контент новости8 основной контент новости8 основной контент новости8 основной контент новости8 основной контент новости8 основной контент новости8 основной контент новости8 основной контент новости8 основной контент новости8 основной контент новости8 основной контент новости', '2016-11-10 15:52:39', '2016-11-10 15:52:41'),
(9, 'Название новости 9', 'nazvanie-novosti-9-9', 'Превью новости 9 превью новости 9превью новости 9превью новости 9', 'Основной контент новости 9 основной контент новости9 основной контент новости9 основной контент новости9 основной контент новости9 основной контент новости9 основной контент новости9 основной контент новости9 основной контент новости9 основной контент новости9 основной контент новости9 основной контент новости9 основной контент новости9 основной контент новости', '2016-11-10 15:52:41', '2016-11-10 15:52:44'),
(10, 'Название новости 10', 'nazvanie-novosti-10-10', 'Превью новости 10 превью новости 10превью новости 10превью новости 10', 'Основной контент новости 10 основной контент новости10 основной контент новости10 основной контент новости10 основной контент новости10 основной контент новости10 основной контент новости10 основной контент новости10 основной контент новости10 основной контент новости10 основной контент новости10 основной контент новости10 основной контент новости10 основной контент новости', '2016-11-10 15:52:44', '2016-11-10 15:52:46'),
(11, 'Название новости 11', 'nazvanie-novosti-11-11', 'Превью новости 11 превью новости 11превью новости 11превью новости 11', 'Основной контент новости 11 основной контент новости11 основной контент новости11 основной контент новости11 основной контент новости11 основной контент новости11 основной контент новости11 основной контент новости11 основной контент новости11 основной контент новости11 основной контент новости11 основной контент новости11 основной контент новости11 основной контент новости', '2016-11-10 15:52:46', '2016-11-10 15:52:49'),
(12, 'Название новости 12', 'nazvanie-novosti-12-12', 'Превью новости 12 превью новости 12превью новости 12превью новости 12', 'Основной контент новости 12 основной контент новости12 основной контент новости12 основной контент новости12 основной контент новости12 основной контент новости12 основной контент новости12 основной контент новости12 основной контент новости12 основной контент новости12 основной контент новости12 основной контент новости12 основной контент новости12 основной контент новости', '2016-11-10 15:52:49', '2016-11-10 15:52:52'),
(13, 'Название новости 13', 'nazvanie-novosti-13-13', 'Превью новости 13 превью новости 13превью новости 13превью новости 13', 'Основной контент новости 13 основной контент новости13 основной контент новости13 основной контент новости13 основной контент новости13 основной контент новости13 основной контент новости13 основной контент новости13 основной контент новости13 основной контент новости13 основной контент новости13 основной контент новости13 основной контент новости13 основной контент новости', '2016-11-10 15:52:52', '2016-11-10 15:52:54'),
(14, 'Название новости 14', 'nazvanie-novosti-14-14', 'Превью новости 14 превью новости 14превью новости 14превью новости 14', 'Основной контент новости 14 основной контент новости14 основной контент новости14 основной контент новости14 основной контент новости14 основной контент новости14 основной контент новости14 основной контент новости14 основной контент новости14 основной контент новости14 основной контент новости14 основной контент новости14 основной контент новости14 основной контент новости', '2016-11-10 15:52:54', '2016-11-10 15:52:57'),
(15, 'Название новости 15', 'nazvanie-novosti-15-15', 'Превью новости 15 превью новости 15превью новости 15превью новости 15', 'Основной контент новости 15 основной контент новости15 основной контент новости15 основной контент новости15 основной контент новости15 основной контент новости15 основной контент новости15 основной контент новости15 основной контент новости15 основной контент новости15 основной контент новости15 основной контент новости15 основной контент новости15 основной контент новости', '2016-11-10 15:52:57', '2016-11-10 15:53:00'),
(16, 'Название новости 16', 'nazvanie-novosti-16-16', 'Превью новости 16 превью новости 16превью новости 16превью новости 16', 'Основной контент новости 16 основной контент новости16 основной контент новости16 основной контент новости16 основной контент новости16 основной контент новости16 основной контент новости16 основной контент новости16 основной контент новости16 основной контент новости16 основной контент новости16 основной контент новости16 основной контент новости16 основной контент новости', '2016-11-10 15:53:00', '2016-11-10 15:53:02'),
(17, 'Название новости 17', 'nazvanie-novosti-17-17', 'Превью новости 17 превью новости 17превью новости 17превью новости 17', 'Основной контент новости 17 основной контент новости17 основной контент новости17 основной контент новости17 основной контент новости17 основной контент новости17 основной контент новости17 основной контент новости17 основной контент новости17 основной контент новости17 основной контент новости17 основной контент новости17 основной контент новости17 основной контент новости', '2016-11-10 15:53:02', '2016-11-10 15:53:05'),
(18, 'Название новости 18', 'nazvanie-novosti-18-18', 'Превью новости 18 превью новости 18превью новости 18превью новости 18', 'Основной контент новости 18 основной контент новости18 основной контент новости18 основной контент новости18 основной контент новости18 основной контент новости18 основной контент новости18 основной контент новости18 основной контент новости18 основной контент новости18 основной контент новости18 основной контент новости18 основной контент новости18 основной контент новости', '2016-11-10 15:53:05', '2016-11-10 15:53:09'),
(19, 'Название новости 19', 'nazvanie-novosti-19-19', 'Превью новости 19 превью новости 19превью новости 19превью новости 19', 'Основной контент новости 19 основной контент новости19 основной контент новости19 основной контент новости19 основной контент новости19 основной контент новости19 основной контент новости19 основной контент новости19 основной контент новости19 основной контент новости19 основной контент новости19 основной контент новости19 основной контент новости19 основной контент новости', '2016-11-10 15:53:09', '2016-11-10 15:53:12'),
(20, 'Название новости 20', 'nazvanie-novosti-20-20', 'Превью новости 20 превью новости 20превью новости 20превью новости 20', 'Основной контент новости 20 основной контент новости20 основной контент новости20 основной контент новости20 основной контент новости20 основной контент новости20 основной контент новости20 основной контент новости20 основной контент новости20 основной контент новости20 основной контент новости20 основной контент новости20 основной контент новости20 основной контент новости', '2016-11-10 15:53:12', '2016-11-10 15:53:15'),
(21, 'Название новости 21', 'nazvanie-novosti-21-21', 'Превью новости 21 превью новости 21превью новости 21превью новости 21', 'Основной контент новости 21 основной контент новости21 основной контент новости21 основной контент новости21 основной контент новости21 основной контент новости21 основной контент новости21 основной контент новости21 основной контент новости21 основной контент новости21 основной контент новости21 основной контент новости21 основной контент новости21 основной контент новости', '2016-11-10 15:53:15', '2016-11-10 15:53:18'),
(22, 'Название новости 22', 'nazvanie-novosti-22-22', 'Превью новости 22 превью новости 22превью новости 22превью новости 22', 'Основной контент новости 22 основной контент новости22 основной контент новости22 основной контент новости22 основной контент новости22 основной контент новости22 основной контент новости22 основной контент новости22 основной контент новости22 основной контент новости22 основной контент новости22 основной контент новости22 основной контент новости22 основной контент новости', '2016-11-10 15:53:18', '2016-11-10 15:53:20'),
(23, 'Название новости 23', 'nazvanie-novosti-23-23', 'Превью новости 23 превью новости 23превью новости 23превью новости 23', 'Основной контент новости 23 основной контент новости23 основной контент новости23 основной контент новости23 основной контент новости23 основной контент новости23 основной контент новости23 основной контент новости23 основной контент новости23 основной контент новости23 основной контент новости23 основной контент новости23 основной контент новости23 основной контент новости', '2016-11-10 15:53:20', '2016-11-10 15:53:23'),
(24, 'Название новости 24', 'nazvanie-novosti-24-24', 'Превью новости 24 превью новости 24превью новости 24превью новости 24', 'Основной контент новости 24 основной контент новости24 основной контент новости24 основной контент новости24 основной контент новости24 основной контент новости24 основной контент новости24 основной контент новости24 основной контент новости24 основной контент новости24 основной контент новости24 основной контент новости24 основной контент новости24 основной контент новости', '2016-11-10 15:53:23', '2016-11-10 15:53:26'),
(25, 'Название новости 25', 'nazvanie-novosti-25-25', 'Превью новости 25 превью новости 25превью новости 25превью новости 25', 'Основной контент новости 25 основной контент новости25 основной контент новости25 основной контент новости25 основной контент новости25 основной контент новости25 основной контент новости25 основной контент новости25 основной контент новости25 основной контент новости25 основной контент новости25 основной контент новости25 основной контент новости25 основной контент новости', '2016-11-10 15:53:26', '2016-11-10 15:53:28'),
(26, 'Название новости 26', 'nazvanie-novosti-26-26', 'Превью новости 26 превью новости 26превью новости 26превью новости 26', 'Основной контент новости 26 основной контент новости26 основной контент новости26 основной контент новости26 основной контент новости26 основной контент новости26 основной контент новости26 основной контент новости26 основной контент новости26 основной контент новости26 основной контент новости26 основной контент новости26 основной контент новости26 основной контент новости', '2016-11-10 15:53:28', '2016-11-10 15:53:31'),
(27, 'Название новости 27', 'nazvanie-novosti-27-27', 'Превью новости 27 превью новости 27превью новости 27превью новости 27', 'Основной контент новости 27 основной контент новости27 основной контент новости27 основной контент новости27 основной контент новости27 основной контент новости27 основной контент новости27 основной контент новости27 основной контент новости27 основной контент новости27 основной контент новости27 основной контент новости27 основной контент новости27 основной контент новости', '2016-11-10 15:53:31', '2016-11-10 15:53:34'),
(28, 'Название новости 28', 'nazvanie-novosti-28-28', 'Превью новости 28 превью новости 28превью новости 28превью новости 28', 'Основной контент новости 28 основной контент новости28 основной контент новости28 основной контент новости28 основной контент новости28 основной контент новости28 основной контент новости28 основной контент новости28 основной контент новости28 основной контент новости28 основной контент новости28 основной контент новости28 основной контент новости28 основной контент новости', '2016-11-10 15:53:34', '2016-11-10 15:53:36'),
(29, 'Название новости 29', 'nazvanie-novosti-29-29', 'Превью новости 29 превью новости 29превью новости 29превью новости 29', 'Основной контент новости 29 основной контент новости29 основной контент новости29 основной контент новости29 основной контент новости29 основной контент новости29 основной контент новости29 основной контент новости29 основной контент новости29 основной контент новости29 основной контент новости29 основной контент новости29 основной контент новости29 основной контент новости', '2016-11-10 15:53:36', '2016-11-10 15:53:39'),
(30, 'Название новости 30', 'nazvanie-novosti-30-30', 'Превью новости 30 превью новости 30превью новости 30превью новости 30', 'Основной контент новости 30 основной контент новости30 основной контент новости30 основной контент новости30 основной контент новости30 основной контент новости30 основной контент новости30 основной контент новости30 основной контент новости30 основной контент новости30 основной контент новости30 основной контент новости30 основной контент новости30 основной контент новости', '2016-11-10 15:53:39', '2016-11-10 15:53:42'),
(31, 'Название новости 31', 'nazvanie-novosti-31-31', 'Превью новости 31 превью новости 31превью новости 31превью новости 31', 'Основной контент новости 31 основной контент новости31 основной контент новости31 основной контент новости31 основной контент новости31 основной контент новости31 основной контент новости31 основной контент новости31 основной контент новости31 основной контент новости31 основной контент новости31 основной контент новости31 основной контент новости31 основной контент новости', '2016-11-10 15:53:42', '2016-11-10 15:53:44'),
(32, 'Название новости 32', 'nazvanie-novosti-32-32', 'Превью новости 32 превью новости 32превью новости 32превью новости 32', 'Основной контент новости 32 основной контент новости32 основной контент новости32 основной контент новости32 основной контент новости32 основной контент новости32 основной контент новости32 основной контент новости32 основной контент новости32 основной контент новости32 основной контент новости32 основной контент новости32 основной контент новости32 основной контент новости', '2016-11-10 15:53:44', '2016-11-10 15:53:47'),
(33, 'Название новости 33', 'nazvanie-novosti-33-33', 'Превью новости 33 превью новости 33превью новости 33превью новости 33', 'Основной контент новости 33 основной контент новости33 основной контент новости33 основной контент новости33 основной контент новости33 основной контент новости33 основной контент новости33 основной контент новости33 основной контент новости33 основной контент новости33 основной контент новости33 основной контент новости33 основной контент новости33 основной контент новости', '2016-11-10 15:53:47', '2016-11-10 15:53:50'),
(34, 'Название новости 34', 'nazvanie-novosti-34-34', 'Превью новости 34 превью новости 34превью новости 34превью новости 34', 'Основной контент новости 34 основной контент новости34 основной контент новости34 основной контент новости34 основной контент новости34 основной контент новости34 основной контент новости34 основной контент новости34 основной контент новости34 основной контент новости34 основной контент новости34 основной контент новости34 основной контент новости34 основной контент новости', '2016-11-10 15:53:50', '2016-11-10 15:53:52'),
(35, 'Название новости 35', 'nazvanie-novosti-35-35', 'Превью новости 35 превью новости 35превью новости 35превью новости 35', 'Основной контент новости 35 основной контент новости35 основной контент новости35 основной контент новости35 основной контент новости35 основной контент новости35 основной контент новости35 основной контент новости35 основной контент новости35 основной контент новости35 основной контент новости35 основной контент новости35 основной контент новости35 основной контент новости', '2016-11-10 15:53:52', '2016-11-10 15:53:55'),
(36, 'Название новости 36', 'nazvanie-novosti-36-36', 'Превью новости 36 превью новости 36превью новости 36превью новости 36', 'Основной контент новости 36 основной контент новости36 основной контент новости36 основной контент новости36 основной контент новости36 основной контент новости36 основной контент новости36 основной контент новости36 основной контент новости36 основной контент новости36 основной контент новости36 основной контент новости36 основной контент новости36 основной контент новости', '2016-11-10 15:53:55', '2016-11-10 15:53:58'),
(37, 'Название новости 37', 'nazvanie-novosti-37-37', 'Превью новости 37 превью новости 37превью новости 37превью новости 37', 'Основной контент новости 37 основной контент новости37 основной контент новости37 основной контент новости37 основной контент новости37 основной контент новости37 основной контент новости37 основной контент новости37 основной контент новости37 основной контент новости37 основной контент новости37 основной контент новости37 основной контент новости37 основной контент новости', '2016-11-10 15:53:58', '2016-11-10 15:54:01'),
(38, 'Название новости 38', 'nazvanie-novosti-38-38', 'Превью новости 38 превью новости 38превью новости 38превью новости 38', 'Основной контент новости 38 основной контент новости38 основной контент новости38 основной контент новости38 основной контент новости38 основной контент новости38 основной контент новости38 основной контент новости38 основной контент новости38 основной контент новости38 основной контент новости38 основной контент новости38 основной контент новости38 основной контент новости', '2016-11-10 15:54:01', '2016-11-10 15:54:04'),
(39, 'Название новости 39', 'nazvanie-novosti-39-39', 'Превью новости 39 превью новости 39превью новости 39превью новости 39', 'Основной контент новости 39 основной контент новости39 основной контент новости39 основной контент новости39 основной контент новости39 основной контент новости39 основной контент новости39 основной контент новости39 основной контент новости39 основной контент новости39 основной контент новости39 основной контент новости39 основной контент новости39 основной контент новости', '2016-11-10 15:54:04', '2016-11-10 15:54:07'),
(40, 'Название новости 40', 'nazvanie-novosti-40-40', 'Превью новости 40 превью новости 40превью новости 40превью новости 40', 'Основной контент новости 40 основной контент новости40 основной контент новости40 основной контент новости40 основной контент новости40 основной контент новости40 основной контент новости40 основной контент новости40 основной контент новости40 основной контент новости40 основной контент новости40 основной контент новости40 основной контент новости40 основной контент новости', '2016-11-10 15:54:07', '2016-11-10 15:54:09'),
(41, 'Название новости 41', 'nazvanie-novosti-41-41', 'Превью новости 41 превью новости 41превью новости 41превью новости 41', 'Основной контент новости 41 основной контент новости41 основной контент новости41 основной контент новости41 основной контент новости41 основной контент новости41 основной контент новости41 основной контент новости41 основной контент новости41 основной контент новости41 основной контент новости41 основной контент новости41 основной контент новости41 основной контент новости', '2016-11-10 15:54:09', '2016-11-10 15:54:12'),
(42, 'Название новости 42', 'nazvanie-novosti-42-42', 'Превью новости 42 превью новости 42превью новости 42превью новости 42', 'Основной контент новости 42 основной контент новости42 основной контент новости42 основной контент новости42 основной контент новости42 основной контент новости42 основной контент новости42 основной контент новости42 основной контент новости42 основной контент новости42 основной контент новости42 основной контент новости42 основной контент новости42 основной контент новости', '2016-11-10 15:54:12', '2016-11-10 15:54:15'),
(43, 'Название новости 43', 'nazvanie-novosti-43-43', 'Превью новости 43 превью новости 43превью новости 43превью новости 43', 'Основной контент новости 43 основной контент новости43 основной контент новости43 основной контент новости43 основной контент новости43 основной контент новости43 основной контент новости43 основной контент новости43 основной контент новости43 основной контент новости43 основной контент новости43 основной контент новости43 основной контент новости43 основной контент новости', '2016-11-10 15:54:15', '2016-11-10 15:54:18'),
(44, 'Название новости 44', 'nazvanie-novosti-44-44', 'Превью новости 44 превью новости 44превью новости 44превью новости 44', 'Основной контент новости 44 основной контент новости44 основной контент новости44 основной контент новости44 основной контент новости44 основной контент новости44 основной контент новости44 основной контент новости44 основной контент новости44 основной контент новости44 основной контент новости44 основной контент новости44 основной контент новости44 основной контент новости', '2016-11-10 15:54:18', '2016-11-10 15:54:20'),
(45, 'Название новости 45', 'nazvanie-novosti-45-45', 'Превью новости 45 превью новости 45превью новости 45превью новости 45', 'Основной контент новости 45 основной контент новости45 основной контент новости45 основной контент новости45 основной контент новости45 основной контент новости45 основной контент новости45 основной контент новости45 основной контент новости45 основной контент новости45 основной контент новости45 основной контент новости45 основной контент новости45 основной контент новости', '2016-11-10 15:54:20', '2016-11-10 15:54:23'),
(46, 'Название новости 46', 'nazvanie-novosti-46-46', 'Превью новости 46 превью новости 46превью новости 46превью новости 46', 'Основной контент новости 46 основной контент новости46 основной контент новости46 основной контент новости46 основной контент новости46 основной контент новости46 основной контент новости46 основной контент новости46 основной контент новости46 основной контент новости46 основной контент новости46 основной контент новости46 основной контент новости46 основной контент новости', '2016-11-10 15:54:23', '2016-11-10 15:54:26'),
(47, 'Название новости 47', 'nazvanie-novosti-47-47', 'Превью новости 47 превью новости 47превью новости 47превью новости 47', 'Основной контент новости 47 основной контент новости47 основной контент новости47 основной контент новости47 основной контент новости47 основной контент новости47 основной контент новости47 основной контент новости47 основной контент новости47 основной контент новости47 основной контент новости47 основной контент новости47 основной контент новости47 основной контент новости', '2016-11-10 15:54:26', '2016-11-10 15:54:28'),
(48, 'Название новости 48', 'nazvanie-novosti-48-48', 'Превью новости 48 превью новости 48превью новости 48превью новости 48', 'Основной контент новости 48 основной контент новости48 основной контент новости48 основной контент новости48 основной контент новости48 основной контент новости48 основной контент новости48 основной контент новости48 основной контент новости48 основной контент новости48 основной контент новости48 основной контент новости48 основной контент новости48 основной контент новости', '2016-11-10 15:54:28', '2016-11-10 15:54:31'),
(49, 'Название новости 49', 'nazvanie-novosti-49-49', 'Превью новости 49 превью новости 49превью новости 49превью новости 49', 'Основной контент новости 49 основной контент новости49 основной контент новости49 основной контент новости49 основной контент новости49 основной контент новости49 основной контент новости49 основной контент новости49 основной контент новости49 основной контент новости49 основной контент новости49 основной контент новости49 основной контент новости49 основной контент новости', '2016-11-10 15:54:31', '2016-11-10 15:54:34'),
(50, 'Название новости 50', 'nazvanie-novosti-50-50', 'Превью новости 50 превью новости 50превью новости 50превью новости 50', 'Основной контент новости 50 основной контент новости50 основной контент новости50 основной контент новости50 основной контент новости50 основной контент новости50 основной контент новости50 основной контент новости50 основной контент новости50 основной контент новости50 основной контент новости50 основной контент новости50 основной контент новости50 основной контент новости', '2016-11-10 15:54:34', '2016-11-10 15:54:37'),
(51, 'Название новости 51', 'nazvanie-novosti-51-51', 'Превью новости 51 превью новости 51превью новости 51превью новости 51', 'Основной контент новости 51 основной контент новости51 основной контент новости51 основной контент новости51 основной контент новости51 основной контент новости51 основной контент новости51 основной контент новости51 основной контент новости51 основной контент новости51 основной контент новости51 основной контент новости51 основной контент новости51 основной контент новости', '2016-11-10 15:54:37', '2016-11-10 15:54:39'),
(52, 'Название новости 52', 'nazvanie-novosti-52-52', 'Превью новости 52 превью новости 52превью новости 52превью новости 52', 'Основной контент новости 52 основной контент новости52 основной контент новости52 основной контент новости52 основной контент новости52 основной контент новости52 основной контент новости52 основной контент новости52 основной контент новости52 основной контент новости52 основной контент новости52 основной контент новости52 основной контент новости52 основной контент новости', '2016-11-10 15:54:39', '2016-11-10 15:54:42'),
(53, 'Название новости 53', 'nazvanie-novosti-53-53', 'Превью новости 53 превью новости 53превью новости 53превью новости 53', 'Основной контент новости 53 основной контент новости53 основной контент новости53 основной контент новости53 основной контент новости53 основной контент новости53 основной контент новости53 основной контент новости53 основной контент новости53 основной контент новости53 основной контент новости53 основной контент новости53 основной контент новости53 основной контент новости', '2016-11-10 15:54:42', '2016-11-10 15:54:45'),
(54, 'Название новости 54', 'nazvanie-novosti-54-54', 'Превью новости 54 превью новости 54превью новости 54превью новости 54', 'Основной контент новости 54 основной контент новости54 основной контент новости54 основной контент новости54 основной контент новости54 основной контент новости54 основной контент новости54 основной контент новости54 основной контент новости54 основной контент новости54 основной контент новости54 основной контент новости54 основной контент новости54 основной контент новости', '2016-11-10 15:54:45', '2016-11-10 15:54:47');
INSERT INTO `news` (`id`, `name`, `url`, `preview`, `content`, `created_at`, `updated_at`) VALUES
(55, 'Название новости 55', 'nazvanie-novosti-55-55', 'Превью новости 55 превью новости 55превью новости 55превью новости 55', 'Основной контент новости 55 основной контент новости55 основной контент новости55 основной контент новости55 основной контент новости55 основной контент новости55 основной контент новости55 основной контент новости55 основной контент новости55 основной контент новости55 основной контент новости55 основной контент новости55 основной контент новости55 основной контент новости', '2016-11-10 15:54:47', '2016-11-10 15:54:50'),
(56, 'Название новости 56', 'nazvanie-novosti-56-56', 'Превью новости 56 превью новости 56превью новости 56превью новости 56', 'Основной контент новости 56 основной контент новости56 основной контент новости56 основной контент новости56 основной контент новости56 основной контент новости56 основной контент новости56 основной контент новости56 основной контент новости56 основной контент новости56 основной контент новости56 основной контент новости56 основной контент новости56 основной контент новости', '2016-11-10 15:54:50', '2016-11-10 15:54:53'),
(57, 'Название новости 57', 'nazvanie-novosti-57-57', 'Превью новости 57 превью новости 57превью новости 57превью новости 57', 'Основной контент новости 57 основной контент новости57 основной контент новости57 основной контент новости57 основной контент новости57 основной контент новости57 основной контент новости57 основной контент новости57 основной контент новости57 основной контент новости57 основной контент новости57 основной контент новости57 основной контент новости57 основной контент новости', '2016-11-10 15:54:53', '2016-11-10 15:54:56'),
(58, 'Название новости 58', 'nazvanie-novosti-58-58', 'Превью новости 58 превью новости 58превью новости 58превью новости 58', 'Основной контент новости 58 основной контент новости58 основной контент новости58 основной контент новости58 основной контент новости58 основной контент новости58 основной контент новости58 основной контент новости58 основной контент новости58 основной контент новости58 основной контент новости58 основной контент новости58 основной контент новости58 основной контент новости', '2016-11-10 15:54:56', '2016-11-10 15:54:59'),
(59, 'Название новости 59', 'nazvanie-novosti-59-59', 'Превью новости 59 превью новости 59превью новости 59превью новости 59', 'Основной контент новости 59 основной контент новости59 основной контент новости59 основной контент новости59 основной контент новости59 основной контент новости59 основной контент новости59 основной контент новости59 основной контент новости59 основной контент новости59 основной контент новости59 основной контент новости59 основной контент новости59 основной контент новости', '2016-11-10 15:54:59', '2016-11-10 15:55:01'),
(60, 'Название новости 60', 'nazvanie-novosti-60-60', 'Превью новости 60 превью новости 60превью новости 60превью новости 60', 'Основной контент новости 60 основной контент новости60 основной контент новости60 основной контент новости60 основной контент новости60 основной контент новости60 основной контент новости60 основной контент новости60 основной контент новости60 основной контент новости60 основной контент новости60 основной контент новости60 основной контент новости60 основной контент новости', '2016-11-10 15:55:01', '2016-11-10 15:55:04'),
(61, 'Название новости 61', 'nazvanie-novosti-61-61', 'Превью новости 61 превью новости 61превью новости 61превью новости 61', 'Основной контент новости 61 основной контент новости61 основной контент новости61 основной контент новости61 основной контент новости61 основной контент новости61 основной контент новости61 основной контент новости61 основной контент новости61 основной контент новости61 основной контент новости61 основной контент новости61 основной контент новости61 основной контент новости', '2016-11-10 15:55:04', '2016-11-10 15:55:07'),
(62, 'Название новости 62', 'nazvanie-novosti-62-62', 'Превью новости 62 превью новости 62превью новости 62превью новости 62', 'Основной контент новости 62 основной контент новости62 основной контент новости62 основной контент новости62 основной контент новости62 основной контент новости62 основной контент новости62 основной контент новости62 основной контент новости62 основной контент новости62 основной контент новости62 основной контент новости62 основной контент новости62 основной контент новости', '2016-11-10 15:55:07', '2016-11-10 15:55:09'),
(63, 'Название новости 63', 'nazvanie-novosti-63-63', 'Превью новости 63 превью новости 63превью новости 63превью новости 63', 'Основной контент новости 63 основной контент новости63 основной контент новости63 основной контент новости63 основной контент новости63 основной контент новости63 основной контент новости63 основной контент новости63 основной контент новости63 основной контент новости63 основной контент новости63 основной контент новости63 основной контент новости63 основной контент новости', '2016-11-10 15:55:09', '2016-11-10 15:55:12'),
(64, 'Название новости 64', 'nazvanie-novosti-64-64', 'Превью новости 64 превью новости 64превью новости 64превью новости 64', 'Основной контент новости 64 основной контент новости64 основной контент новости64 основной контент новости64 основной контент новости64 основной контент новости64 основной контент новости64 основной контент новости64 основной контент новости64 основной контент новости64 основной контент новости64 основной контент новости64 основной контент новости64 основной контент новости', '2016-11-10 15:55:12', '2016-11-10 15:55:15'),
(65, 'Название новости 65', 'nazvanie-novosti-65-65', 'Превью новости 65 превью новости 65превью новости 65превью новости 65', 'Основной контент новости 65 основной контент новости65 основной контент новости65 основной контент новости65 основной контент новости65 основной контент новости65 основной контент новости65 основной контент новости65 основной контент новости65 основной контент новости65 основной контент новости65 основной контент новости65 основной контент новости65 основной контент новости', '2016-11-10 15:55:15', '2016-11-10 15:55:17'),
(66, 'Название новости 66', 'nazvanie-novosti-66-66', 'Превью новости 66 превью новости 66превью новости 66превью новости 66', 'Основной контент новости 66 основной контент новости66 основной контент новости66 основной контент новости66 основной контент новости66 основной контент новости66 основной контент новости66 основной контент новости66 основной контент новости66 основной контент новости66 основной контент новости66 основной контент новости66 основной контент новости66 основной контент новости', '2016-11-10 15:55:17', '2016-11-10 15:55:20'),
(67, 'Название новости 67', 'nazvanie-novosti-67-67', 'Превью новости 67 превью новости 67превью новости 67превью новости 67', 'Основной контент новости 67 основной контент новости67 основной контент новости67 основной контент новости67 основной контент новости67 основной контент новости67 основной контент новости67 основной контент новости67 основной контент новости67 основной контент новости67 основной контент новости67 основной контент новости67 основной контент новости67 основной контент новости', '2016-11-10 15:55:20', '2016-11-10 15:55:22'),
(68, 'Название новости 68', 'nazvanie-novosti-68-68', 'Превью новости 68 превью новости 68превью новости 68превью новости 68', 'Основной контент новости 68 основной контент новости68 основной контент новости68 основной контент новости68 основной контент новости68 основной контент новости68 основной контент новости68 основной контент новости68 основной контент новости68 основной контент новости68 основной контент новости68 основной контент новости68 основной контент новости68 основной контент новости', '2016-11-10 15:55:22', '2016-11-10 15:55:25'),
(69, 'Название новости 69', 'nazvanie-novosti-69-69', 'Превью новости 69 превью новости 69превью новости 69превью новости 69', 'Основной контент новости 69 основной контент новости69 основной контент новости69 основной контент новости69 основной контент новости69 основной контент новости69 основной контент новости69 основной контент новости69 основной контент новости69 основной контент новости69 основной контент новости69 основной контент новости69 основной контент новости69 основной контент новости', '2016-11-10 15:55:25', '2016-11-10 15:55:28'),
(70, 'Название новости 70', 'nazvanie-novosti-70-70', 'Превью новости 70 превью новости 70превью новости 70превью новости 70', 'Основной контент новости 70 основной контент новости70 основной контент новости70 основной контент новости70 основной контент новости70 основной контент новости70 основной контент новости70 основной контент новости70 основной контент новости70 основной контент новости70 основной контент новости70 основной контент новости70 основной контент новости70 основной контент новости', '2016-11-10 15:55:28', '2016-11-10 15:55:30'),
(71, 'Название новости 71', 'nazvanie-novosti-71-71', 'Превью новости 71 превью новости 71превью новости 71превью новости 71', 'Основной контент новости 71 основной контент новости71 основной контент новости71 основной контент новости71 основной контент новости71 основной контент новости71 основной контент новости71 основной контент новости71 основной контент новости71 основной контент новости71 основной контент новости71 основной контент новости71 основной контент новости71 основной контент новости', '2016-11-10 15:55:30', '2016-11-10 15:55:33'),
(72, 'Название новости 72', 'nazvanie-novosti-72-72', 'Превью новости 72 превью новости 72превью новости 72превью новости 72', 'Основной контент новости 72 основной контент новости72 основной контент новости72 основной контент новости72 основной контент новости72 основной контент новости72 основной контент новости72 основной контент новости72 основной контент новости72 основной контент новости72 основной контент новости72 основной контент новости72 основной контент новости72 основной контент новости', '2016-11-10 15:55:33', '2016-11-10 15:55:36'),
(73, 'Название новости 73', 'nazvanie-novosti-73-73', 'Превью новости 73 превью новости 73превью новости 73превью новости 73', 'Основной контент новости 73 основной контент новости73 основной контент новости73 основной контент новости73 основной контент новости73 основной контент новости73 основной контент новости73 основной контент новости73 основной контент новости73 основной контент новости73 основной контент новости73 основной контент новости73 основной контент новости73 основной контент новости', '2016-11-10 15:55:36', '2016-11-10 15:55:38'),
(74, 'Название новости 74', 'nazvanie-novosti-74-74', 'Превью новости 74 превью новости 74превью новости 74превью новости 74', 'Основной контент новости 74 основной контент новости74 основной контент новости74 основной контент новости74 основной контент новости74 основной контент новости74 основной контент новости74 основной контент новости74 основной контент новости74 основной контент новости74 основной контент новости74 основной контент новости74 основной контент новости74 основной контент новости', '2016-11-10 15:55:38', '2016-11-10 15:55:41'),
(75, 'Название новости 75', 'nazvanie-novosti-75-75', 'Превью новости 75 превью новости 75превью новости 75превью новости 75', 'Основной контент новости 75 основной контент новости75 основной контент новости75 основной контент новости75 основной контент новости75 основной контент новости75 основной контент новости75 основной контент новости75 основной контент новости75 основной контент новости75 основной контент новости75 основной контент новости75 основной контент новости75 основной контент новости', '2016-11-10 15:55:41', '2016-11-10 15:55:44'),
(76, 'Название новости 76', 'nazvanie-novosti-76-76', 'Превью новости 76 превью новости 76превью новости 76превью новости 76', 'Основной контент новости 76 основной контент новости76 основной контент новости76 основной контент новости76 основной контент новости76 основной контент новости76 основной контент новости76 основной контент новости76 основной контент новости76 основной контент новости76 основной контент новости76 основной контент новости76 основной контент новости76 основной контент новости', '2016-11-10 15:55:44', '2016-11-10 15:55:46'),
(77, 'Название новости 77', 'nazvanie-novosti-77-77', 'Превью новости 77 превью новости 77превью новости 77превью новости 77', 'Основной контент новости 77 основной контент новости77 основной контент новости77 основной контент новости77 основной контент новости77 основной контент новости77 основной контент новости77 основной контент новости77 основной контент новости77 основной контент новости77 основной контент новости77 основной контент новости77 основной контент новости77 основной контент новости', '2016-11-10 15:55:46', '2016-11-10 15:55:49'),
(78, 'Название новости 78', 'nazvanie-novosti-78-78', 'Превью новости 78 превью новости 78превью новости 78превью новости 78', 'Основной контент новости 78 основной контент новости78 основной контент новости78 основной контент новости78 основной контент новости78 основной контент новости78 основной контент новости78 основной контент новости78 основной контент новости78 основной контент новости78 основной контент новости78 основной контент новости78 основной контент новости78 основной контент новости', '2016-11-10 15:55:49', '2016-11-10 15:55:57'),
(79, 'Название новости 79', 'nazvanie-novosti-79-79', 'Превью новости 79 превью новости 79превью новости 79превью новости 79', 'Основной контент новости 79 основной контент новости79 основной контент новости79 основной контент новости79 основной контент новости79 основной контент новости79 основной контент новости79 основной контент новости79 основной контент новости79 основной контент новости79 основной контент новости79 основной контент новости79 основной контент новости79 основной контент новости', '2016-11-10 15:55:57', '2016-11-10 15:56:01'),
(80, 'Название новости 80', 'nazvanie-novosti-80-80', 'Превью новости 80 превью новости 80превью новости 80превью новости 80', 'Основной контент новости 80 основной контент новости80 основной контент новости80 основной контент новости80 основной контент новости80 основной контент новости80 основной контент новости80 основной контент новости80 основной контент новости80 основной контент новости80 основной контент новости80 основной контент новости80 основной контент новости80 основной контент новости', '2016-11-10 15:56:01', '2016-11-10 15:56:04'),
(81, 'Название новости 81', 'nazvanie-novosti-81-81', 'Превью новости 81 превью новости 81превью новости 81превью новости 81', 'Основной контент новости 81 основной контент новости81 основной контент новости81 основной контент новости81 основной контент новости81 основной контент новости81 основной контент новости81 основной контент новости81 основной контент новости81 основной контент новости81 основной контент новости81 основной контент новости81 основной контент новости81 основной контент новости', '2016-11-10 15:56:04', '2016-11-10 15:56:06'),
(82, 'Название новости 82', 'nazvanie-novosti-82-82', 'Превью новости 82 превью новости 82превью новости 82превью новости 82', 'Основной контент новости 82 основной контент новости82 основной контент новости82 основной контент новости82 основной контент новости82 основной контент новости82 основной контент новости82 основной контент новости82 основной контент новости82 основной контент новости82 основной контент новости82 основной контент новости82 основной контент новости82 основной контент новости', '2016-11-10 15:56:06', '2016-11-10 15:56:09'),
(83, 'Название новости 83', 'nazvanie-novosti-83-83', 'Превью новости 83 превью новости 83превью новости 83превью новости 83', 'Основной контент новости 83 основной контент новости83 основной контент новости83 основной контент новости83 основной контент новости83 основной контент новости83 основной контент новости83 основной контент новости83 основной контент новости83 основной контент новости83 основной контент новости83 основной контент новости83 основной контент новости83 основной контент новости', '2016-11-10 15:56:09', '2016-11-10 15:56:12'),
(84, 'Название новости 84', 'nazvanie-novosti-84-84', 'Превью новости 84 превью новости 84превью новости 84превью новости 84', 'Основной контент новости 84 основной контент новости84 основной контент новости84 основной контент новости84 основной контент новости84 основной контент новости84 основной контент новости84 основной контент новости84 основной контент новости84 основной контент новости84 основной контент новости84 основной контент новости84 основной контент новости84 основной контент новости', '2016-11-10 15:56:12', '2016-11-10 15:56:14'),
(85, 'Название новости 85', 'nazvanie-novosti-85-85', 'Превью новости 85 превью новости 85превью новости 85превью новости 85', 'Основной контент новости 85 основной контент новости85 основной контент новости85 основной контент новости85 основной контент новости85 основной контент новости85 основной контент новости85 основной контент новости85 основной контент новости85 основной контент новости85 основной контент новости85 основной контент новости85 основной контент новости85 основной контент новости', '2016-11-10 15:56:14', '2016-11-10 15:56:17'),
(86, 'Название новости 86', 'nazvanie-novosti-86-86', 'Превью новости 86 превью новости 86превью новости 86превью новости 86', 'Основной контент новости 86 основной контент новости86 основной контент новости86 основной контент новости86 основной контент новости86 основной контент новости86 основной контент новости86 основной контент новости86 основной контент новости86 основной контент новости86 основной контент новости86 основной контент новости86 основной контент новости86 основной контент новости', '2016-11-10 15:56:17', '2016-11-10 15:56:20'),
(87, 'Название новости 87', 'nazvanie-novosti-87-87', 'Превью новости 87 превью новости 87превью новости 87превью новости 87', 'Основной контент новости 87 основной контент новости87 основной контент новости87 основной контент новости87 основной контент новости87 основной контент новости87 основной контент новости87 основной контент новости87 основной контент новости87 основной контент новости87 основной контент новости87 основной контент новости87 основной контент новости87 основной контент новости', '2016-11-10 15:56:20', '2016-11-10 15:56:23'),
(88, 'Название новости 88', 'nazvanie-novosti-88-88', 'Превью новости 88 превью новости 88превью новости 88превью новости 88', 'Основной контент новости 88 основной контент новости88 основной контент новости88 основной контент новости88 основной контент новости88 основной контент новости88 основной контент новости88 основной контент новости88 основной контент новости88 основной контент новости88 основной контент новости88 основной контент новости88 основной контент новости88 основной контент новости', '2016-11-10 15:56:23', '2016-11-10 15:56:25'),
(89, 'Название новости 89', 'nazvanie-novosti-89-89', 'Превью новости 89 превью новости 89превью новости 89превью новости 89', 'Основной контент новости 89 основной контент новости89 основной контент новости89 основной контент новости89 основной контент новости89 основной контент новости89 основной контент новости89 основной контент новости89 основной контент новости89 основной контент новости89 основной контент новости89 основной контент новости89 основной контент новости89 основной контент новости', '2016-11-10 15:56:25', '2016-11-10 15:56:28'),
(90, 'Название новости 90', 'nazvanie-novosti-90-90', 'Превью новости 90 превью новости 90превью новости 90превью новости 90', 'Основной контент новости 90 основной контент новости90 основной контент новости90 основной контент новости90 основной контент новости90 основной контент новости90 основной контент новости90 основной контент новости90 основной контент новости90 основной контент новости90 основной контент новости90 основной контент новости90 основной контент новости90 основной контент новости', '2016-11-10 15:56:28', '2016-11-10 15:56:31'),
(91, 'Название новости 91', 'nazvanie-novosti-91-91', 'Превью новости 91 превью новости 91превью новости 91превью новости 91', 'Основной контент новости 91 основной контент новости91 основной контент новости91 основной контент новости91 основной контент новости91 основной контент новости91 основной контент новости91 основной контент новости91 основной контент новости91 основной контент новости91 основной контент новости91 основной контент новости91 основной контент новости91 основной контент новости', '2016-11-10 15:56:31', '2016-11-10 15:56:33'),
(92, 'Название новости 92', 'nazvanie-novosti-92-92', 'Превью новости 92 превью новости 92превью новости 92превью новости 92', 'Основной контент новости 92 основной контент новости92 основной контент новости92 основной контент новости92 основной контент новости92 основной контент новости92 основной контент новости92 основной контент новости92 основной контент новости92 основной контент новости92 основной контент новости92 основной контент новости92 основной контент новости92 основной контент новости', '2016-11-10 15:56:33', '2016-11-10 15:56:36'),
(93, 'Название новости 93', 'nazvanie-novosti-93-93', 'Превью новости 93 превью новости 93превью новости 93превью новости 93', 'Основной контент новости 93 основной контент новости93 основной контент новости93 основной контент новости93 основной контент новости93 основной контент новости93 основной контент новости93 основной контент новости93 основной контент новости93 основной контент новости93 основной контент новости93 основной контент новости93 основной контент новости93 основной контент новости', '2016-11-10 15:56:36', '2016-11-10 15:56:39'),
(94, 'Название новости 94', 'nazvanie-novosti-94-94', 'Превью новости 94 превью новости 94превью новости 94превью новости 94', 'Основной контент новости 94 основной контент новости94 основной контент новости94 основной контент новости94 основной контент новости94 основной контент новости94 основной контент новости94 основной контент новости94 основной контент новости94 основной контент новости94 основной контент новости94 основной контент новости94 основной контент новости94 основной контент новости', '2016-11-10 15:56:39', '2016-11-10 15:56:41'),
(95, 'Название новости 95', 'nazvanie-novosti-95-95', 'Превью новости 95 превью новости 95превью новости 95превью новости 95', 'Основной контент новости 95 основной контент новости95 основной контент новости95 основной контент новости95 основной контент новости95 основной контент новости95 основной контент новости95 основной контент новости95 основной контент новости95 основной контент новости95 основной контент новости95 основной контент новости95 основной контент новости95 основной контент новости', '2016-11-10 15:56:41', '2016-11-10 15:56:44'),
(96, 'Название новости 96', 'nazvanie-novosti-96-96', 'Превью новости 96 превью новости 96превью новости 96превью новости 96', 'Основной контент новости 96 основной контент новости96 основной контент новости96 основной контент новости96 основной контент новости96 основной контент новости96 основной контент новости96 основной контент новости96 основной контент новости96 основной контент новости96 основной контент новости96 основной контент новости96 основной контент новости96 основной контент новости', '2016-11-10 15:56:44', '2016-11-10 15:56:47'),
(97, 'Название новости 97', 'nazvanie-novosti-97-97', 'Превью новости 97 превью новости 97превью новости 97превью новости 97', 'Основной контент новости 97 основной контент новости97 основной контент новости97 основной контент новости97 основной контент новости97 основной контент новости97 основной контент новости97 основной контент новости97 основной контент новости97 основной контент новости97 основной контент новости97 основной контент новости97 основной контент новости97 основной контент новости', '2016-11-10 15:56:47', '2016-11-10 15:56:50'),
(98, 'Название новости 98', 'nazvanie-novosti-98-98', 'Превью новости 98 превью новости 98превью новости 98превью новости 98', 'Основной контент новости 98 основной контент новости98 основной контент новости98 основной контент новости98 основной контент новости98 основной контент новости98 основной контент новости98 основной контент новости98 основной контент новости98 основной контент новости98 основной контент новости98 основной контент новости98 основной контент новости98 основной контент новости', '2016-11-10 15:56:50', '2016-11-10 15:56:53'),
(99, 'Название новости 99', 'nazvanie-novosti-99-99', 'Превью новости 99 превью новости 99превью новости 99превью новости 99', 'Основной контент новости 99 основной контент новости99 основной контент новости99 основной контент новости99 основной контент новости99 основной контент новости99 основной контент новости99 основной контент новости99 основной контент новости99 основной контент новости99 основной контент новости99 основной контент новости99 основной контент новости99 основной контент новости', '2016-11-10 15:56:53', '2016-11-10 15:56:55'),
(100, 'Название новости 100', 'nazvanie-novosti-100-100', 'Превью новости 100 превью новости 100превью новости 100превью новости 100', 'Основной контент новости 100 основной контент новости100 основной контент новости100 основной контент новости100 основной контент новости100 основной контент новости100 основной контент новости100 основной контент новости100 основной контент новости100 основной контент новости100 основной контент новости100 основной контент новости100 основной контент новости100 основной контент новости', '2016-11-10 15:56:55', '2016-11-10 15:56:58');

--
-- Триггеры `news`
--
DROP TRIGGER IF EXISTS `task_news_created_at`;
DELIMITER //
CREATE TRIGGER `task_news_created_at` BEFORE INSERT ON `news`
 FOR EACH ROW BEGIN
                    SET NEW.created_at = NOW();
                END
//
DELIMITER ;
DROP TRIGGER IF EXISTS `task_news_updated_at`;
DELIMITER //
CREATE TRIGGER `task_news_updated_at` BEFORE UPDATE ON `news`
 FOR EACH ROW BEGIN
                    SET NEW.updated_at = NOW();
                END
//
DELIMITER ;

-- --------------------------------------------------------

--
-- Структура таблицы `news_config`
--

CREATE TABLE IF NOT EXISTS `news_config` (
  `id` int(11) NOT NULL AUTO_INCREMENT,
  `name` varchar(255) DEFAULT NULL COMMENT 'Название',
  `value` varchar(255) DEFAULT NULL COMMENT 'Значение',
  `created_at` datetime DEFAULT NULL COMMENT 'Время создания записи',
  `updated_at` datetime DEFAULT NULL COMMENT 'Время редактирование записи',
  PRIMARY KEY (`id`),
  UNIQUE KEY `name` (`name`)
) ENGINE=InnoDB  DEFAULT CHARSET=utf8 AUTO_INCREMENT=2 ;

--
-- Дамп данных таблицы `news_config`
--

INSERT INTO `news_config` (`id`, `name`, `value`, `created_at`, `updated_at`) VALUES
(1, 'count_record_on_page', '8', '2016-11-11 09:52:17', '2016-11-11 10:11:53');

--
-- Триггеры `news_config`
--
DROP TRIGGER IF EXISTS `task_news_config_created_at`;
DELIMITER //
CREATE TRIGGER `task_news_config_created_at` BEFORE INSERT ON `news_config`
 FOR EACH ROW BEGIN
                    SET NEW.created_at = NOW();
                END
//
DELIMITER ;
DROP TRIGGER IF EXISTS `task_news_config_updated_at`;
DELIMITER //
CREATE TRIGGER `task_news_config_updated_at` BEFORE UPDATE ON `news_config`
 FOR EACH ROW BEGIN
                    SET NEW.updated_at = NOW();
                END
//
DELIMITER ;

-- --------------------------------------------------------

--
-- Структура таблицы `news_settings`
--

CREATE TABLE IF NOT EXISTS `news_settings` (
  `id` int(11) NOT NULL AUTO_INCREMENT,
  `role_id` int(11) NOT NULL COMMENT 'Id роли',
  `list` tinyint(1) DEFAULT NULL COMMENT 'Право на просмотр списка',
  `view` tinyint(1) DEFAULT NULL COMMENT 'Право на просмотр отдельной новости',
  `edit` tinyint(1) DEFAULT NULL COMMENT 'Право на редактирование новости',
  `add` tinyint(1) DEFAULT NULL COMMENT 'Право на создание новости',
  `created_at` datetime DEFAULT NULL COMMENT 'Время создания записи',
  `updated_at` datetime DEFAULT NULL COMMENT 'Время редактирование записи',
  PRIMARY KEY (`id`),
  UNIQUE KEY `role_id` (`role_id`)
) ENGINE=InnoDB  DEFAULT CHARSET=utf8 AUTO_INCREMENT=5 ;

--
-- Дамп данных таблицы `news_settings`
--

INSERT INTO `news_settings` (`id`, `role_id`, `list`, `view`, `edit`, `add`, `created_at`, `updated_at`) VALUES
(1, 1, 1, 1, 1, 1, '2016-11-05 16:11:58', '2016-11-09 14:54:21'),
(2, 2, 1, 1, 1, 0, '2016-11-05 16:11:58', '2016-11-09 14:54:21'),
(3, 3, 1, 1, 0, 0, '2016-11-05 16:11:58', '2016-11-09 14:54:21'),
(4, 4, 1, 0, 0, 0, '2016-11-05 16:11:58', '2016-11-09 14:54:21');

--
-- Триггеры `news_settings`
--
DROP TRIGGER IF EXISTS `task_news_settings_created_at`;
DELIMITER //
CREATE TRIGGER `task_news_settings_created_at` BEFORE INSERT ON `news_settings`
 FOR EACH ROW BEGIN
                    SET NEW.created_at = NOW();
                END
//
DELIMITER ;
DROP TRIGGER IF EXISTS `task_news_settings_updated_at`;
DELIMITER //
CREATE TRIGGER `task_news_settings_updated_at` BEFORE UPDATE ON `news_settings`
 FOR EACH ROW BEGIN
                    SET NEW.updated_at = NOW();
                END
//
DELIMITER ;

-- --------------------------------------------------------

--
-- Структура таблицы `users`
--

CREATE TABLE IF NOT EXISTS `users` (
  `id` int(11) NOT NULL AUTO_INCREMENT,
  `login` varchar(255) DEFAULT NULL,
  `password` varchar(255) DEFAULT NULL,
  `role_id` int(11) NOT NULL,
  `account_status_id` int(11) NOT NULL,
  `hash` varchar(255) DEFAULT NULL,
  `last_active_at` datetime DEFAULT NULL,
  `created_at` datetime DEFAULT NULL COMMENT 'Время создания записи',
  `updated_at` datetime DEFAULT NULL COMMENT 'Время редактирование записи',
  PRIMARY KEY (`id`),
  UNIQUE KEY `login` (`login`),
  KEY `password` (`password`),
  KEY `role_id` (`role_id`),
  KEY `account_status_id` (`account_status_id`),
  KEY `hash` (`hash`)
) ENGINE=InnoDB  DEFAULT CHARSET=utf8 AUTO_INCREMENT=34 ;

--
-- Дамп данных таблицы `users`
--

INSERT INTO `users` (`id`, `login`, `password`, `role_id`, `account_status_id`, `hash`, `last_active_at`, `created_at`, `updated_at`) VALUES
(4, 'borisovandriy@gmail.com', '$2y$13$HSayemCUAYIozZ00o2LMHOYD0GId47ZGAijcdEYt8s17Ct9OcXwPC', 1, 1, 'a2acfd89527e35abb3cfb3b00ee8705c', NULL, '2016-11-08 18:37:05', '2016-11-11 11:15:26'),
(19, '_drusha_@ukr.net', '$2y$13$LpLtGjWgMZO9b3SxhVhD0.Abq4JYmlaY.5CAryKMdoE4AwR4q3Y1q', 3, 1, 'e3a0b53f49b4692b47bb194abb17f54e', NULL, '2016-11-09 15:26:24', '2016-11-11 10:17:58'),
(24, 'kukonia@bk.ru', '$2y$13$vUDiYbJb09vPck4OnY3P5O6o6DXjMnJyRD5zjz8AJz24pvDnMNdEa', 3, 1, '', NULL, '2016-11-09 16:11:01', '2016-11-09 16:21:08'),
(26, 'borisov_test_user@mail.ru', '$2y$13$DN9nLeRHynPowDrrWGVOQ.fTqTjYnsMMk2c9X3MhSHwWpVU/H7Lcy', 3, 1, '', NULL, '2016-11-11 10:47:29', '2016-11-11 10:47:51'),
(27, 'borisov_test_user2@mail.ru', '$2y$13$kppp8mhxoBgXqBvLXC1VDOz/b13v4CPKfZsiplgH2Q.b0pdB4GcX2', 3, 1, '1b327772f37a6b80501bf582d3491f37', NULL, '2016-11-11 10:49:49', '2016-11-11 10:50:11'),
(29, 'borisov_test_editor@mail.ru', '$2y$13$Igd3EAeCUTwViD.SsoafLeOoWjcUdJg0sQ6rJjMgxsf1fTD4lVCy2', 2, 1, '', NULL, '2016-11-11 10:54:26', '2016-11-11 11:02:33'),
(33, 'borisov_test_adm@mail.ru', '$2y$13$8ws88XHsB5EM94c8aawWJO6U.aRHXl3uFRUQHMSYqmentSnpshZwO', 1, 1, '', NULL, '2016-11-11 11:01:22', '2016-11-11 11:02:56');

--
-- Триггеры `users`
--
DROP TRIGGER IF EXISTS `task_users_created_at`;
DELIMITER //
CREATE TRIGGER `task_users_created_at` BEFORE INSERT ON `users`
 FOR EACH ROW BEGIN
                    SET NEW.created_at = NOW();
                END
//
DELIMITER ;
DROP TRIGGER IF EXISTS `task_users_updated_at`;
DELIMITER //
CREATE TRIGGER `task_users_updated_at` BEFORE UPDATE ON `users`
 FOR EACH ROW BEGIN
                    SET NEW.updated_at = NOW();
                END
//
DELIMITER ;

-- --------------------------------------------------------

--
-- Структура таблицы `users_profiles`
--

CREATE TABLE IF NOT EXISTS `users_profiles` (
  `id` int(11) NOT NULL AUTO_INCREMENT,
  `user_id` int(11) NOT NULL COMMENT 'Id пользователя',
  `first_name` varchar(255) DEFAULT NULL COMMENT 'Имя',
  `last_name` varchar(255) DEFAULT NULL COMMENT 'Фамилия',
  `email_notification` tinyint(1) DEFAULT NULL COMMENT 'Уведомление на емайл',
  `push_notification` tinyint(1) DEFAULT NULL COMMENT 'Уведомление пушем',
  `created_at` datetime DEFAULT NULL COMMENT 'Время создания записи',
  `updated_at` datetime DEFAULT NULL COMMENT 'Время редактирование записи',
  PRIMARY KEY (`id`),
  UNIQUE KEY `user_id` (`user_id`)
) ENGINE=InnoDB  DEFAULT CHARSET=utf8 AUTO_INCREMENT=28 ;

--
-- Дамп данных таблицы `users_profiles`
--

INSERT INTO `users_profiles` (`id`, `user_id`, `first_name`, `last_name`, `email_notification`, `push_notification`, `created_at`, `updated_at`) VALUES
(1, 4, 'Андрей1в', 'Борисов2', 1, 1, '2016-11-08 18:37:05', '2016-11-09 14:08:42'),
(13, 19, 'Андрей', 'Борисов', 1, 1, '2016-11-09 15:26:24', '2016-11-11 10:21:45'),
(18, 24, NULL, NULL, 1, 1, '2016-11-09 16:11:01', NULL),
(20, 26, NULL, NULL, 1, 1, '2016-11-11 10:47:29', NULL),
(21, 27, NULL, NULL, 1, 1, '2016-11-11 10:49:49', NULL),
(23, 29, NULL, NULL, 1, 1, '2016-11-11 10:54:26', NULL),
(27, 33, NULL, NULL, 1, 1, '2016-11-11 11:01:22', NULL);

--
-- Триггеры `users_profiles`
--
DROP TRIGGER IF EXISTS `task_users_profiles_created_at`;
DELIMITER //
CREATE TRIGGER `task_users_profiles_created_at` BEFORE INSERT ON `users_profiles`
 FOR EACH ROW BEGIN
                    SET NEW.created_at = NOW();
                END
//
DELIMITER ;
DROP TRIGGER IF EXISTS `task_users_profiles_updated_at`;
DELIMITER //
CREATE TRIGGER `task_users_profiles_updated_at` BEFORE UPDATE ON `users_profiles`
 FOR EACH ROW BEGIN
                    SET NEW.updated_at = NOW();
                END
//
DELIMITER ;

-- --------------------------------------------------------

--
-- Структура таблицы `users_roles`
--

CREATE TABLE IF NOT EXISTS `users_roles` (
  `id` int(11) NOT NULL AUTO_INCREMENT,
  `name` varchar(255) DEFAULT NULL COMMENT 'Название',
  `created_at` datetime DEFAULT NULL COMMENT 'Время создания записи',
  `updated_at` datetime DEFAULT NULL COMMENT 'Время редактирование записи',
  PRIMARY KEY (`id`)
) ENGINE=InnoDB  DEFAULT CHARSET=utf8 AUTO_INCREMENT=5 ;

--
-- Дамп данных таблицы `users_roles`
--

INSERT INTO `users_roles` (`id`, `name`, `created_at`, `updated_at`) VALUES
(1, 'administrators', '2016-11-05 16:11:57', NULL),
(2, 'editors', '2016-11-05 16:11:57', NULL),
(3, 'users', '2016-11-05 16:11:57', NULL),
(4, 'guests', '2016-11-05 16:11:57', NULL);

--
-- Триггеры `users_roles`
--
DROP TRIGGER IF EXISTS `task_users_roles_created_at`;
DELIMITER //
CREATE TRIGGER `task_users_roles_created_at` BEFORE INSERT ON `users_roles`
 FOR EACH ROW BEGIN
                    SET NEW.created_at = NOW();
                END
//
DELIMITER ;
DROP TRIGGER IF EXISTS `task_users_roles_updated_at`;
DELIMITER //
CREATE TRIGGER `task_users_roles_updated_at` BEFORE UPDATE ON `users_roles`
 FOR EACH ROW BEGIN
                    SET NEW.updated_at = NOW();
                END
//
DELIMITER ;

--
-- Ограничения внешнего ключа сохраненных таблиц
--

--
-- Ограничения внешнего ключа таблицы `news_settings`
--
ALTER TABLE `news_settings`
  ADD CONSTRAINT `FK_news_settings_role_id` FOREIGN KEY (`role_id`) REFERENCES `users_roles` (`id`);

--
-- Ограничения внешнего ключа таблицы `users`
--
ALTER TABLE `users`
  ADD CONSTRAINT `FK_account_status_id` FOREIGN KEY (`account_status_id`) REFERENCES `account_statuses` (`id`),
  ADD CONSTRAINT `FK_role_id` FOREIGN KEY (`role_id`) REFERENCES `users_roles` (`id`);

--
-- Ограничения внешнего ключа таблицы `users_profiles`
--
ALTER TABLE `users_profiles`
  ADD CONSTRAINT `FK_users_profiles_user_id` FOREIGN KEY (`user_id`) REFERENCES `users` (`id`);

/*!40101 SET CHARACTER_SET_CLIENT=@OLD_CHARACTER_SET_CLIENT */;
/*!40101 SET CHARACTER_SET_RESULTS=@OLD_CHARACTER_SET_RESULTS */;
/*!40101 SET COLLATION_CONNECTION=@OLD_COLLATION_CONNECTION */;
